terminal_id,stream_name,cursor_value,synchronized_at_utc,concurrency_version
a3000000-0000-0000-0000-000000000002,catalog,sample-cursor-0001,2026-01-01T12:30:00Z,1
93169812-f2e2-5aaf-a9dd-3147f9bc6851,catalog,sample-cursor-0001,2026-01-01T12:30:00Z,1
9cb4b6a3-0d39-585c-98cd-63c386351d04,catalog,sample-cursor-0001,2026-01-01T12:30:00Z,1
f642df17-eed8-5540-ab47-18c9b21cbe81,catalog,sample-cursor-0001,2026-01-01T12:30:00Z,1
e49a40b0-a7ac-522a-8965-2e50afd6b6b4,catalog,sample-cursor-0001,2026-01-01T12:30:00Z,1
409f2746-194d-55f3-b954-9756439ec21c,catalog,sample-cursor-0001,2026-01-01T12:30:00Z,1
861c9702-e61d-53c5-90fe-2581fdd6a93b,catalog,sample-cursor-0001,2026-01-01T12:30:00Z,1
61f876d7-1e3e-5d6d-af00-c790460a3cd9,catalog,sample-cursor-0001,2026-01-01T12:30:00Z,1
a7596b1d-4f74-563f-9645-e2328437cbb0,catalog,sample-cursor-0001,2026-01-01T12:30:00Z,1
cb2ca33d-7c9a-5e14-a2b5-31d698ed9a60,catalog,sample-cursor-0001,2026-01-01T12:30:00Z,1
7c721358-40f2-53fe-aa74-5e44e9a4aeec,catalog,sample-cursor-0001,2026-01-01T12:30:00Z,1
a50eb5ff-5d37-5215-81de-5851f1f5c5fa,catalog,sample-cursor-0001,2026-01-01T12:30:00Z,1
e3204688-240a-54ec-8a74-405e019d12d4,catalog,sample-cursor-0001,2026-01-01T12:30:00Z,1
bfab3b53-a1df-5997-80ae-78165f29846c,catalog,sample-cursor-0001,2026-01-01T12:30:00Z,1
cd291c8d-0dfc-5b56-b490-9e1fad538191,catalog,sample-cursor-0001,2026-01-01T12:30:00Z,1
a4fa370b-bb1e-5ca4-a598-8ab38d3aa123,catalog,sample-cursor-0001,2026-01-01T12:30:00Z,1
5fba96f9-47d5-5608-9904-9ef85c8f2bdf,catalog,sample-cursor-0001,2026-01-01T12:30:00Z,1
61703e60-3ba6-54d2-b8c5-c1471f3b24bc,catalog,sample-cursor-0001,2026-01-01T12:30:00Z,1
f1a025dc-298c-5281-b64a-425b8878c910,catalog,sample-cursor-0001,2026-01-01T12:30:00Z,1
03982eeb-42c8-5f39-a64e-60d1f38ca6d6,catalog,sample-cursor-0001,2026-01-01T12:30:00Z,1
1df58e3a-d9b9-5a97-8dff-ec13f87c0a19,catalog,sample-cursor-0001,2026-01-01T12:30:00Z,1
9d11d879-5b94-5959-8a89-dd5274476a2c,catalog,sample-cursor-0001,2026-01-01T12:30:00Z,1
d13d67cf-2efe-5cd2-9978-b5dba847fd1c,catalog,sample-cursor-0001,2026-01-01T12:30:00Z,1
329e97f5-0be5-53d6-b583-b963681c62b3,catalog,sample-cursor-0001,2026-01-01T12:30:00Z,1
8ac9d97e-2486-5630-9e30-18e96afb9598,catalog,sample-cursor-0001,2026-01-01T12:30:00Z,1
9691370c-7623-5e74-96b4-05f06174ce60,catalog,sample-cursor-0001,2026-01-01T12:30:00Z,1
6fc30bf3-b0e7-5be5-b528-cf48b89c72de,catalog,sample-cursor-0001,2026-01-01T12:30:00Z,1
3eb8807f-dcca-5f6d-b9cc-938a9cf4fde5,catalog,sample-cursor-0001,2026-01-01T12:30:00Z,1
e49e8901-4804-5bb3-90b6-383c5c69d0fd,catalog,sample-cursor-0001,2026-01-01T12:30:00Z,1
17fa1894-0786-5d59-9d49-d996884f8b6c,catalog,sample-cursor-0001,2026-01-01T12:30:00Z,1
d686a13c-c3b7-53d3-8eeb-16f584021401,catalog,sample-cursor-0001,2026-01-01T12:30:00Z,1
f98dae57-be32-59c1-bd2f-8d1dfcd44f19,catalog,sample-cursor-0001,2026-01-01T12:30:00Z,1
e5602e8e-2b81-54a3-9ad3-99e171943b9b,catalog,sample-cursor-0001,2026-01-01T12:30:00Z,1
3e156928-85eb-5160-9061-58085936c344,catalog,sample-cursor-0001,2026-01-01T12:30:00Z,1
cf1c7761-d8c5-59c4-b712-be7cee293ecd,catalog,sample-cursor-0001,2026-01-01T12:30:00Z,1
242c6b24-4819-55e1-ada6-3474d41d2591,catalog,sample-cursor-0001,2026-01-01T12:30:00Z,1
00bf815b-8ec0-525c-91ae-c75d6215ab82,catalog,sample-cursor-0001,2026-01-01T12:30:00Z,1
3fb4327f-6290-5060-a04f-73ab04d4f47d,catalog,sample-cursor-0001,2026-01-01T12:30:00Z,1
79398728-5f8c-517f-b9a2-504a1ea9968d,catalog,sample-cursor-0001,2026-01-01T12:30:00Z,1
364682d9-a566-5729-b3f3-a582a8439ac2,catalog,sample-cursor-0001,2026-01-01T12:30:00Z,1
6b83f82a-b0d3-5f11-a7e7-5ea7fc08178a,catalog,sample-cursor-0001,2026-01-01T12:30:00Z,1
73ee6614-e352-5de3-a577-024031effd8c,catalog,sample-cursor-0001,2026-01-01T12:30:00Z,1
911b7224-43b0-5f89-9682-3694f61993ac,catalog,sample-cursor-0001,2026-01-01T12:30:00Z,1
33f3e3b1-762b-59ed-92e6-bb6ba2c77b9f,catalog,sample-cursor-0001,2026-01-01T12:30:00Z,1
82a6256a-39e3-5ed5-ba98-2fbb9e4f1e01,catalog,sample-cursor-0001,2026-01-01T12:30:00Z,1
d7aeb361-4f20-575d-aa0a-ab54f6502f2f,catalog,sample-cursor-0001,2026-01-01T12:30:00Z,1
5e8e1ce8-2127-5c56-b7de-235191a84c2c,catalog,sample-cursor-0001,2026-01-01T12:30:00Z,1
e5cade66-49e7-56fe-8554-5662c616feb1,catalog,sample-cursor-0001,2026-01-01T12:30:00Z,1
5138e8ec-9cdd-58b6-b84d-7abc4ed26c31,catalog,sample-cursor-0001,2026-01-01T12:30:00Z,1
a1113ba6-ae86-56d6-a8c6-1285d44b0f2d,catalog,sample-cursor-0001,2026-01-01T12:30:00Z,1
