message_id,consumer_name,processed_at_utc
a1000000-0000-0000-0000-000000000005,sample-kitchen-consumer,2026-01-01T12:01:30Z
9d2b021e-b463-593a-9751-e6b2f240b752,sample-kitchen-consumer,2026-01-01T12:01:30Z
13fcba53-c197-5cdb-ac16-18469cff344a,sample-kitchen-consumer,2026-01-01T12:01:30Z
6ea0d2e0-6eb6-5120-98c1-1c18e55be51e,sample-kitchen-consumer,2026-01-01T12:01:30Z
f437535d-82f5-5150-8a15-78b383f5bb78,sample-kitchen-consumer,2026-01-01T12:01:30Z
d17677b1-4a54-586d-a021-8d2bd791a580,sample-kitchen-consumer,2026-01-01T12:01:30Z
ed09de31-c621-5107-92e8-bec9e26970e1,sample-kitchen-consumer,2026-01-01T12:01:30Z
f2c8cad9-2ec6-578b-b0a5-95d0782de299,sample-kitchen-consumer,2026-01-01T12:01:30Z
78549553-3766-5f87-9d4f-2874921b2ac8,sample-kitchen-consumer,2026-01-01T12:01:30Z
611f4ef2-3d2b-5118-9d41-5e4a856ae872,sample-kitchen-consumer,2026-01-01T12:01:30Z
ddd268c2-7120-542b-8de5-edb44215aa3b,sample-kitchen-consumer,2026-01-01T12:01:30Z
cc7ce605-1108-5914-816c-c8e20e3100ac,sample-kitchen-consumer,2026-01-01T12:01:30Z
29ec42bf-f1a5-526c-bb2d-0a4f8f17babf,sample-kitchen-consumer,2026-01-01T12:01:30Z
438e8f74-2f8f-5324-b295-bfd3df0bdd34,sample-kitchen-consumer,2026-01-01T12:01:30Z
f737f2be-937a-54ce-b5cb-28a08f02abf7,sample-kitchen-consumer,2026-01-01T12:01:30Z
3524eded-ff12-5d73-a675-32a04891cd23,sample-kitchen-consumer,2026-01-01T12:01:30Z
dee4a687-a0ac-55ea-8508-dee9968f15b4,sample-kitchen-consumer,2026-01-01T12:01:30Z
b502d1b0-2b6d-53b1-bbfa-83e7d6423a2d,sample-kitchen-consumer,2026-01-01T12:01:30Z
87a39bbe-6788-5f89-bf3a-9a44a9bcbddf,sample-kitchen-consumer,2026-01-01T12:01:30Z
9b48b23f-7ab2-5c42-9c87-eced9391db4a,sample-kitchen-consumer,2026-01-01T12:01:30Z
39c16b7b-1d2e-546f-a3dc-3805ba2a70f2,sample-kitchen-consumer,2026-01-01T12:01:30Z
0dd95dbf-b26b-5152-b902-55395e088011,sample-kitchen-consumer,2026-01-01T12:01:30Z
3b2c0d29-9dd5-5c7e-924a-2425c6aaa465,sample-kitchen-consumer,2026-01-01T12:01:30Z
8ba89b18-d36a-530c-a223-2ab239ffa9c2,sample-kitchen-consumer,2026-01-01T12:01:30Z
a87372c9-3a42-58d6-881e-9209e710b20b,sample-kitchen-consumer,2026-01-01T12:01:30Z
dd3faea0-706e-5db1-8b0f-a60761d5c07e,sample-kitchen-consumer,2026-01-01T12:01:30Z
5a676eec-0db4-5713-aaf1-eb4582d224e3,sample-kitchen-consumer,2026-01-01T12:01:30Z
48a967db-6616-51c4-ada7-f20f56f11cdf,sample-kitchen-consumer,2026-01-01T12:01:30Z
744a643d-8440-594d-9482-4fa73244af4f,sample-kitchen-consumer,2026-01-01T12:01:30Z
d205a7a8-0e19-5a68-b7d0-297731175bc4,sample-kitchen-consumer,2026-01-01T12:01:30Z
76fd0c11-3fae-5612-8c5f-92924bf64c03,sample-kitchen-consumer,2026-01-01T12:01:30Z
6316b988-03fd-5c8b-adee-b440f7f06939,sample-kitchen-consumer,2026-01-01T12:01:30Z
3aabdd3e-96bf-578e-86a1-e371e2aed717,sample-kitchen-consumer,2026-01-01T12:01:30Z
348cf579-4dab-580e-a2f1-81691bf498d2,sample-kitchen-consumer,2026-01-01T12:01:30Z
b97d5460-fb8b-52a5-9c3d-2a62613f6275,sample-kitchen-consumer,2026-01-01T12:01:30Z
5b02a93e-b678-5a7a-8422-e1afae61ec05,sample-kitchen-consumer,2026-01-01T12:01:30Z
052b2cc4-7751-5a97-a0ff-621d12fd596c,sample-kitchen-consumer,2026-01-01T12:01:30Z
694360ba-8bff-58f4-9280-f4d49e275fae,sample-kitchen-consumer,2026-01-01T12:01:30Z
1d708c74-f7a1-5757-b8cc-e4bfe2cd7b38,sample-kitchen-consumer,2026-01-01T12:01:30Z
a6202f40-3772-5540-8a47-3703946df505,sample-kitchen-consumer,2026-01-01T12:01:30Z
32ff85c0-6f25-53c8-a1cc-d23784edaa62,sample-kitchen-consumer,2026-01-01T12:01:30Z
b7e0c4ac-6256-5e70-8d69-090082abbcc7,sample-kitchen-consumer,2026-01-01T12:01:30Z
5e29967e-32bf-5327-94b0-c2a49e4e35c8,sample-kitchen-consumer,2026-01-01T12:01:30Z
93379033-3f24-5fa8-b248-cb7f72ea53cf,sample-kitchen-consumer,2026-01-01T12:01:30Z
33ad46f5-1a19-5d58-a8ad-6c8455e60224,sample-kitchen-consumer,2026-01-01T12:01:30Z
404501f4-2185-56b2-9d51-377c50415fba,sample-kitchen-consumer,2026-01-01T12:01:30Z
02ba5773-a079-5d4f-ac91-59a9b2ef32de,sample-kitchen-consumer,2026-01-01T12:01:30Z
19a30870-923a-5f80-be77-8f82fdabed44,sample-kitchen-consumer,2026-01-01T12:01:30Z
6276b20e-5558-5b83-8ba7-14aea72ba896,sample-kitchen-consumer,2026-01-01T12:01:30Z
f4aec174-747d-5a2f-8b04-c4ab89ea9385,sample-kitchen-consumer,2026-01-01T12:01:30Z
