restaurant_id,menu_id,channel,created_at_utc,created_by
ca000000-0000-0000-0000-000000000001,ca000000-0000-0000-0000-000000000701,pos,2026-01-01T00:00:00Z,sample-data
ca000000-0000-0000-0000-000000000001,ca000000-0000-0000-0000-000000000701,web,2026-01-01T00:00:00Z,sample-data
6e5493c8-856c-52d6-b23f-a9b8265b82a1,e22ad3eb-7e41-5ba1-918c-71510edeac07,pos,2026-01-01T00:00:00Z,sample-data
6e5493c8-856c-52d6-b23f-a9b8265b82a1,e22ad3eb-7e41-5ba1-918c-71510edeac07,web,2026-01-01T00:00:00Z,sample-data
bb432b46-9db3-5087-86a6-667d8a5461d2,6e9c1da1-25b5-5383-a97d-55adf74234d1,pos,2026-01-01T00:00:00Z,sample-data
bb432b46-9db3-5087-86a6-667d8a5461d2,6e9c1da1-25b5-5383-a97d-55adf74234d1,web,2026-01-01T00:00:00Z,sample-data
02893fb5-cd61-516d-a1c6-a31b633a8440,dec2ffbd-e425-5bee-ac7b-44bc043bcd28,pos,2026-01-01T00:00:00Z,sample-data
02893fb5-cd61-516d-a1c6-a31b633a8440,dec2ffbd-e425-5bee-ac7b-44bc043bcd28,web,2026-01-01T00:00:00Z,sample-data
8c3b74c7-06ef-5cee-b54c-5f1604076f2e,4bea7c14-1365-5aa6-9b1d-38db14ddb5bb,pos,2026-01-01T00:00:00Z,sample-data
8c3b74c7-06ef-5cee-b54c-5f1604076f2e,4bea7c14-1365-5aa6-9b1d-38db14ddb5bb,web,2026-01-01T00:00:00Z,sample-data
292495cc-29f1-532a-8347-61381793ace8,bf9da953-7515-5a04-853f-0cfca9756dea,pos,2026-01-01T00:00:00Z,sample-data
292495cc-29f1-532a-8347-61381793ace8,bf9da953-7515-5a04-853f-0cfca9756dea,web,2026-01-01T00:00:00Z,sample-data
f336981e-6b07-55f6-8f3b-5bb68a996561,9d364008-e6e1-5472-990d-eefa9287375e,pos,2026-01-01T00:00:00Z,sample-data
f336981e-6b07-55f6-8f3b-5bb68a996561,9d364008-e6e1-5472-990d-eefa9287375e,web,2026-01-01T00:00:00Z,sample-data
5afbb73d-34da-5169-9cd6-3631b29d6906,b396dc53-9534-5033-a785-309ef25c6a39,pos,2026-01-01T00:00:00Z,sample-data
5afbb73d-34da-5169-9cd6-3631b29d6906,b396dc53-9534-5033-a785-309ef25c6a39,web,2026-01-01T00:00:00Z,sample-data
95aa4d42-7203-5581-a314-7ba4ff85735b,e6d354f0-0daa-582b-9bdb-33b961f7431a,pos,2026-01-01T00:00:00Z,sample-data
95aa4d42-7203-5581-a314-7ba4ff85735b,e6d354f0-0daa-582b-9bdb-33b961f7431a,web,2026-01-01T00:00:00Z,sample-data
8550b566-c89f-5552-86ca-8f25b0b21d4d,367eb3bc-483a-5546-b7aa-4b2e0c12277b,pos,2026-01-01T00:00:00Z,sample-data
8550b566-c89f-5552-86ca-8f25b0b21d4d,367eb3bc-483a-5546-b7aa-4b2e0c12277b,web,2026-01-01T00:00:00Z,sample-data
d615a3b5-351d-5ed5-bb69-c4dcac36aa00,1ed50428-fa44-5d81-8e98-dd05a200c4ec,pos,2026-01-01T00:00:00Z,sample-data
d615a3b5-351d-5ed5-bb69-c4dcac36aa00,1ed50428-fa44-5d81-8e98-dd05a200c4ec,web,2026-01-01T00:00:00Z,sample-data
bb3ac671-6c2e-5416-acd7-85d71693d50e,a7217649-141f-5c0e-9a55-a8a661d5c0c3,pos,2026-01-01T00:00:00Z,sample-data
bb3ac671-6c2e-5416-acd7-85d71693d50e,a7217649-141f-5c0e-9a55-a8a661d5c0c3,web,2026-01-01T00:00:00Z,sample-data
bfad71f3-0e54-5467-bb83-c8664b3d7bc3,34c0da15-8be1-5e44-9db8-827d6f61a127,pos,2026-01-01T00:00:00Z,sample-data
bfad71f3-0e54-5467-bb83-c8664b3d7bc3,34c0da15-8be1-5e44-9db8-827d6f61a127,web,2026-01-01T00:00:00Z,sample-data
104f9e79-e136-5ed4-a852-64d160340e45,37ae328d-a13d-529e-94c1-8a178f585bcf,pos,2026-01-01T00:00:00Z,sample-data
104f9e79-e136-5ed4-a852-64d160340e45,37ae328d-a13d-529e-94c1-8a178f585bcf,web,2026-01-01T00:00:00Z,sample-data
caa70f0d-2314-5cf5-a481-0c259c347e04,b3adb6ae-8eb4-5572-8f13-812a5d9d812f,pos,2026-01-01T00:00:00Z,sample-data
caa70f0d-2314-5cf5-a481-0c259c347e04,b3adb6ae-8eb4-5572-8f13-812a5d9d812f,web,2026-01-01T00:00:00Z,sample-data
a8e4c50c-665a-56b1-b68c-03b500b4ba4a,760fef47-84da-5dfe-9f01-f971a2e9cb13,pos,2026-01-01T00:00:00Z,sample-data
a8e4c50c-665a-56b1-b68c-03b500b4ba4a,760fef47-84da-5dfe-9f01-f971a2e9cb13,web,2026-01-01T00:00:00Z,sample-data
6cf0dd31-f5a3-5fb4-bdc2-733a20f5f35c,91250a85-9c5b-514f-9d7e-e1f6573595c5,pos,2026-01-01T00:00:00Z,sample-data
6cf0dd31-f5a3-5fb4-bdc2-733a20f5f35c,91250a85-9c5b-514f-9d7e-e1f6573595c5,web,2026-01-01T00:00:00Z,sample-data
5a29b0dd-09ca-560f-b248-db0555c5c325,cc1ad8bc-edbc-5a4b-9f67-eca4c81cd673,pos,2026-01-01T00:00:00Z,sample-data
5a29b0dd-09ca-560f-b248-db0555c5c325,cc1ad8bc-edbc-5a4b-9f67-eca4c81cd673,web,2026-01-01T00:00:00Z,sample-data
bab016a4-e1f0-5423-95ba-68a55a375518,9e01563d-07a5-5bf7-afe4-79c9be71149e,pos,2026-01-01T00:00:00Z,sample-data
bab016a4-e1f0-5423-95ba-68a55a375518,9e01563d-07a5-5bf7-afe4-79c9be71149e,web,2026-01-01T00:00:00Z,sample-data
bf67c71a-ef24-5eed-87ee-0b99059448c0,10e0fab3-11bf-5675-921e-00acd584f5ff,pos,2026-01-01T00:00:00Z,sample-data
bf67c71a-ef24-5eed-87ee-0b99059448c0,10e0fab3-11bf-5675-921e-00acd584f5ff,web,2026-01-01T00:00:00Z,sample-data
07b24cca-976d-532c-9467-d2343cc9f38d,4f2f488d-5ce7-524f-a786-d7ed7f56c3be,pos,2026-01-01T00:00:00Z,sample-data
07b24cca-976d-532c-9467-d2343cc9f38d,4f2f488d-5ce7-524f-a786-d7ed7f56c3be,web,2026-01-01T00:00:00Z,sample-data
fa9711c5-4a59-5910-b824-83392f64a533,966d0442-a394-5d10-8f18-b00de0b6e308,pos,2026-01-01T00:00:00Z,sample-data
fa9711c5-4a59-5910-b824-83392f64a533,966d0442-a394-5d10-8f18-b00de0b6e308,web,2026-01-01T00:00:00Z,sample-data
597b352f-cbab-5ea6-893f-73309ac2fbf9,13451a91-06da-5a3a-acf0-65e99c6f97af,pos,2026-01-01T00:00:00Z,sample-data
597b352f-cbab-5ea6-893f-73309ac2fbf9,13451a91-06da-5a3a-acf0-65e99c6f97af,web,2026-01-01T00:00:00Z,sample-data
22681635-41b9-56da-a764-798ba158a3ac,c9bbeb44-4071-56bb-b0ef-56e82bfb64b8,pos,2026-01-01T00:00:00Z,sample-data
22681635-41b9-56da-a764-798ba158a3ac,c9bbeb44-4071-56bb-b0ef-56e82bfb64b8,web,2026-01-01T00:00:00Z,sample-data
07ec22d2-2b6d-5c14-8ffc-39efd39e0a9e,bc0a3ebd-e7f8-5aa3-a33c-f83ed5282e8b,pos,2026-01-01T00:00:00Z,sample-data
07ec22d2-2b6d-5c14-8ffc-39efd39e0a9e,bc0a3ebd-e7f8-5aa3-a33c-f83ed5282e8b,web,2026-01-01T00:00:00Z,sample-data
fce39051-f305-572f-83db-29fbaf5b798a,ebb48cda-1918-5293-abd5-bdb17973bb0e,pos,2026-01-01T00:00:00Z,sample-data
fce39051-f305-572f-83db-29fbaf5b798a,ebb48cda-1918-5293-abd5-bdb17973bb0e,web,2026-01-01T00:00:00Z,sample-data
d6cf8637-33f0-58ca-a006-64b3c3f5b7f1,193ced08-5468-5af4-a850-7ee180d047a5,pos,2026-01-01T00:00:00Z,sample-data
d6cf8637-33f0-58ca-a006-64b3c3f5b7f1,193ced08-5468-5af4-a850-7ee180d047a5,web,2026-01-01T00:00:00Z,sample-data
4b8ac2bc-db12-5fb9-8556-20aa186929f6,7c5955a1-2504-58ad-a8df-722ec144a4d7,pos,2026-01-01T00:00:00Z,sample-data
4b8ac2bc-db12-5fb9-8556-20aa186929f6,7c5955a1-2504-58ad-a8df-722ec144a4d7,web,2026-01-01T00:00:00Z,sample-data
7a5fbc73-7498-500c-b457-d15f22bb9989,19bf8afe-0a7c-5ad2-b5f5-611bf8fd37dd,pos,2026-01-01T00:00:00Z,sample-data
7a5fbc73-7498-500c-b457-d15f22bb9989,19bf8afe-0a7c-5ad2-b5f5-611bf8fd37dd,web,2026-01-01T00:00:00Z,sample-data
8ca9e1ae-e628-59af-8ab4-395d06328807,fcbf5679-b479-555a-898d-08773258c746,pos,2026-01-01T00:00:00Z,sample-data
8ca9e1ae-e628-59af-8ab4-395d06328807,fcbf5679-b479-555a-898d-08773258c746,web,2026-01-01T00:00:00Z,sample-data
98e2754e-6697-50e6-8bab-81a98e4aeca7,47b47f0b-25d5-57c1-9b45-c158f0a529dd,pos,2026-01-01T00:00:00Z,sample-data
98e2754e-6697-50e6-8bab-81a98e4aeca7,47b47f0b-25d5-57c1-9b45-c158f0a529dd,web,2026-01-01T00:00:00Z,sample-data
bbf4f4ee-81c9-55b0-80af-33be79e561ee,49ee51d3-538c-59e3-920c-7d70e1bd7b8e,pos,2026-01-01T00:00:00Z,sample-data
bbf4f4ee-81c9-55b0-80af-33be79e561ee,49ee51d3-538c-59e3-920c-7d70e1bd7b8e,web,2026-01-01T00:00:00Z,sample-data
c1460c74-b0e2-5d90-9797-9f6b2e861e30,ba1a4cf6-cc18-5ddf-93c4-ff026872dd65,pos,2026-01-01T00:00:00Z,sample-data
c1460c74-b0e2-5d90-9797-9f6b2e861e30,ba1a4cf6-cc18-5ddf-93c4-ff026872dd65,web,2026-01-01T00:00:00Z,sample-data
67af2cf8-ba63-5420-aaa1-3d4828850036,842b9098-7dc4-5c6c-9ac2-b3a2c5780843,pos,2026-01-01T00:00:00Z,sample-data
67af2cf8-ba63-5420-aaa1-3d4828850036,842b9098-7dc4-5c6c-9ac2-b3a2c5780843,web,2026-01-01T00:00:00Z,sample-data
517ff701-319d-502a-b5b9-e1c36a3cde3c,b618fcba-5e17-5e8d-a55a-c876ba46cd30,pos,2026-01-01T00:00:00Z,sample-data
517ff701-319d-502a-b5b9-e1c36a3cde3c,b618fcba-5e17-5e8d-a55a-c876ba46cd30,web,2026-01-01T00:00:00Z,sample-data
b3efb6f0-9635-58cf-b533-6394b23e857d,bf093c1a-4445-5bd4-b6a7-cf6766f61ca6,pos,2026-01-01T00:00:00Z,sample-data
b3efb6f0-9635-58cf-b533-6394b23e857d,bf093c1a-4445-5bd4-b6a7-cf6766f61ca6,web,2026-01-01T00:00:00Z,sample-data
707f9a45-b18a-5759-b1bd-cb4b9991c763,c665d61a-0452-5394-a641-ad551aa9ebec,pos,2026-01-01T00:00:00Z,sample-data
707f9a45-b18a-5759-b1bd-cb4b9991c763,c665d61a-0452-5394-a641-ad551aa9ebec,web,2026-01-01T00:00:00Z,sample-data
4b4841d6-837e-5b3a-8625-eb21c5856ff2,f4fc7292-5e8d-5e13-9166-59cfcbeb8a09,pos,2026-01-01T00:00:00Z,sample-data
4b4841d6-837e-5b3a-8625-eb21c5856ff2,f4fc7292-5e8d-5e13-9166-59cfcbeb8a09,web,2026-01-01T00:00:00Z,sample-data
c4afafa8-25c3-527c-95bc-c2ce6efb5a36,a00a3331-73b3-5a11-91b4-3322e34cbd2a,pos,2026-01-01T00:00:00Z,sample-data
c4afafa8-25c3-527c-95bc-c2ce6efb5a36,a00a3331-73b3-5a11-91b4-3322e34cbd2a,web,2026-01-01T00:00:00Z,sample-data
44c58e92-2d0f-5de4-949a-53cca4b7c650,150b6e47-5e81-519d-89b1-611ab156c6d4,pos,2026-01-01T00:00:00Z,sample-data
44c58e92-2d0f-5de4-949a-53cca4b7c650,150b6e47-5e81-519d-89b1-611ab156c6d4,web,2026-01-01T00:00:00Z,sample-data
fadf79e7-84bd-54aa-8fce-71315980e940,e4c8b904-7fc6-554a-98c3-631ad61ac502,pos,2026-01-01T00:00:00Z,sample-data
fadf79e7-84bd-54aa-8fce-71315980e940,e4c8b904-7fc6-554a-98c3-631ad61ac502,web,2026-01-01T00:00:00Z,sample-data
a3bed95f-b4d1-5aea-963e-723a3b5343d7,eeddec7d-c245-541d-a502-08e9915338cd,pos,2026-01-01T00:00:00Z,sample-data
a3bed95f-b4d1-5aea-963e-723a3b5343d7,eeddec7d-c245-541d-a502-08e9915338cd,web,2026-01-01T00:00:00Z,sample-data
dfc9650b-5da6-5083-b918-0069b7f18a39,15684bb6-853b-5dc5-a77c-f3de1ef5f249,pos,2026-01-01T00:00:00Z,sample-data
dfc9650b-5da6-5083-b918-0069b7f18a39,15684bb6-853b-5dc5-a77c-f3de1ef5f249,web,2026-01-01T00:00:00Z,sample-data
e40302ce-cd87-5926-898b-7077c873c69c,b7201aa1-02d5-5637-a095-83c700cc237c,pos,2026-01-01T00:00:00Z,sample-data
e40302ce-cd87-5926-898b-7077c873c69c,b7201aa1-02d5-5637-a095-83c700cc237c,web,2026-01-01T00:00:00Z,sample-data
c1f4e8f0-e00b-5a1e-82a4-2aa113ce0e2e,d7d98866-879c-5227-81b4-5f85c543b907,pos,2026-01-01T00:00:00Z,sample-data
c1f4e8f0-e00b-5a1e-82a4-2aa113ce0e2e,d7d98866-879c-5227-81b4-5f85c543b907,web,2026-01-01T00:00:00Z,sample-data
80267d1d-6166-5d66-a39a-2fe7d3ec9558,0fd7d3ff-180a-5b53-8c3c-3c93a29916d3,pos,2026-01-01T00:00:00Z,sample-data
80267d1d-6166-5d66-a39a-2fe7d3ec9558,0fd7d3ff-180a-5b53-8c3c-3c93a29916d3,web,2026-01-01T00:00:00Z,sample-data
7e941da0-444e-555b-8c14-37022c2450f6,497f9134-e793-5b90-91c7-a5d8c17e3b7b,pos,2026-01-01T00:00:00Z,sample-data
7e941da0-444e-555b-8c14-37022c2450f6,497f9134-e793-5b90-91c7-a5d8c17e3b7b,web,2026-01-01T00:00:00Z,sample-data
9e1b7503-21ff-59f4-83b8-5c7bb3c79c9c,e2b797e0-3061-53a1-96e2-5b1b005e33bb,pos,2026-01-01T00:00:00Z,sample-data
9e1b7503-21ff-59f4-83b8-5c7bb3c79c9c,e2b797e0-3061-53a1-96e2-5b1b005e33bb,web,2026-01-01T00:00:00Z,sample-data
c824a05f-57b4-564d-8182-a0acb1779be0,582b3b33-d1b7-5ccb-a70f-3135265be5b7,pos,2026-01-01T00:00:00Z,sample-data
c824a05f-57b4-564d-8182-a0acb1779be0,582b3b33-d1b7-5ccb-a70f-3135265be5b7,web,2026-01-01T00:00:00Z,sample-data
7b2007ac-f4b3-5a96-998c-4b5bdb6201f7,1f9fddc2-364e-5728-a76c-5171340b8f3d,pos,2026-01-01T00:00:00Z,sample-data
7b2007ac-f4b3-5a96-998c-4b5bdb6201f7,1f9fddc2-364e-5728-a76c-5171340b8f3d,web,2026-01-01T00:00:00Z,sample-data
