id,restaurant_id,product_id,media_asset_id,alt_text,display_order,is_primary,created_at_utc,created_by
ca000000-0000-0000-0000-000000000831,ca000000-0000-0000-0000-000000000001,ca000000-0000-0000-0000-000000000301,ca000000-0000-0000-0000-000000000901,Fictional Harbour Burger sample image,10,true,2026-01-01T00:00:00Z,sample-data
ca000000-0000-0000-0000-000000000832,ca000000-0000-0000-0000-000000000001,ca000000-0000-0000-0000-000000000302,ca000000-0000-0000-0000-000000000902,Fictional Orchard Coffee sample image,10,true,2026-01-01T00:00:00Z,sample-data
4f4a56dd-ce20-5bda-a531-b2e8d799bd0a,6e5493c8-856c-52d6-b23f-a9b8265b82a1,83686fd2-1032-5473-a5e2-3a1b1c8d78c0,6cffc718-2e01-5d0a-afad-33a2aaecc632,Fictional Harbour Burger sample image,10,true,2026-01-01T00:00:00Z,sample-data
fd2e6ad0-b50a-5193-9532-3d68efe42f84,6e5493c8-856c-52d6-b23f-a9b8265b82a1,4695d689-2aec-5a8e-91d0-ba2db9ca6d0e,eba4c758-a761-5956-9fff-8aa5102c64b8,Fictional Orchard Coffee sample image,10,true,2026-01-01T00:00:00Z,sample-data
a5f305cf-ad53-5ff3-808f-b3a2a3ece969,bb432b46-9db3-5087-86a6-667d8a5461d2,5b524556-2840-5352-930a-3665399f88b1,1613cbce-5fa8-5acf-90ec-72aa2f629f94,Fictional Harbour Burger sample image,10,true,2026-01-01T00:00:00Z,sample-data
0aa582e2-a94f-54b9-9e7b-7fa01acec0e6,bb432b46-9db3-5087-86a6-667d8a5461d2,2185c73f-9a70-5a46-accc-7acff93af0ae,2d0d786c-76f5-56f0-b1c8-f7bb93d0668e,Fictional Orchard Coffee sample image,10,true,2026-01-01T00:00:00Z,sample-data
9e8beb8d-0f5d-5230-a4ac-27624000331f,02893fb5-cd61-516d-a1c6-a31b633a8440,8712d970-0129-5558-8212-9bafaf6b9bb6,e71b4942-f5ca-5138-a063-761fe72bf284,Fictional Harbour Burger sample image,10,true,2026-01-01T00:00:00Z,sample-data
c6b10881-e90f-5965-9660-75def0473d39,02893fb5-cd61-516d-a1c6-a31b633a8440,f3e77a4e-a77c-56b7-ad36-79aa5284023c,6fef002d-7f34-5803-83ec-070a9225d59c,Fictional Orchard Coffee sample image,10,true,2026-01-01T00:00:00Z,sample-data
e925e0d4-cdd1-511d-b727-08040158780f,8c3b74c7-06ef-5cee-b54c-5f1604076f2e,ce15e28e-6590-5ee9-a5a6-1f0910b46e7f,d6637108-638f-5d3b-bdc2-9393813d4534,Fictional Harbour Burger sample image,10,true,2026-01-01T00:00:00Z,sample-data
0c474e59-1a1b-5d3f-977a-fa76a324c593,8c3b74c7-06ef-5cee-b54c-5f1604076f2e,9a724731-c0cc-5a1d-8c52-5e70ac52f5a6,cc58755f-39ab-53ce-85f6-351384a9094e,Fictional Orchard Coffee sample image,10,true,2026-01-01T00:00:00Z,sample-data
17ffc2e9-3d7f-5365-900a-a184502a95e8,292495cc-29f1-532a-8347-61381793ace8,5aa1c0aa-c074-5aae-a3e6-ee3b9c0214a0,04633f50-7301-560c-9a2b-207abe7e9249,Fictional Harbour Burger sample image,10,true,2026-01-01T00:00:00Z,sample-data
f0cd27cc-2569-5704-9d02-f580f697a50f,292495cc-29f1-532a-8347-61381793ace8,491ad47d-eeaa-5ed0-aeee-ec20ad1523f6,585e918a-daaa-5164-b23d-4d1556e1e680,Fictional Orchard Coffee sample image,10,true,2026-01-01T00:00:00Z,sample-data
312d02d5-11c3-5ee5-8456-dde847201bfc,f336981e-6b07-55f6-8f3b-5bb68a996561,c756216f-bd8b-59f6-b2f4-b443cc47a99f,65bb9894-c363-5a67-8708-074ec2964b39,Fictional Harbour Burger sample image,10,true,2026-01-01T00:00:00Z,sample-data
74bb2e64-ee39-5e55-98d0-c1087aa567fb,f336981e-6b07-55f6-8f3b-5bb68a996561,f388bf25-5fea-58c6-a437-5cd3c971f1ba,91ea4589-5b44-576d-8143-1c7f9630a485,Fictional Orchard Coffee sample image,10,true,2026-01-01T00:00:00Z,sample-data
6d6ef3db-91db-5d96-9b74-1caa047c4b49,5afbb73d-34da-5169-9cd6-3631b29d6906,2a1ef463-3feb-5b55-9cbe-ff8a287f6f33,07082bc6-e8f0-5793-b3a9-550635446b3c,Fictional Harbour Burger sample image,10,true,2026-01-01T00:00:00Z,sample-data
092d9fc5-1e8c-572b-b1e6-75dd972c5b86,5afbb73d-34da-5169-9cd6-3631b29d6906,12497814-c31a-548e-8525-26a2a07ff6de,eb089d9f-2c6e-5800-b401-592046badd34,Fictional Orchard Coffee sample image,10,true,2026-01-01T00:00:00Z,sample-data
1aad0333-c6d5-5604-813f-8369d3f4dbca,95aa4d42-7203-5581-a314-7ba4ff85735b,df05dee3-4125-5649-a6c0-fd9d82793f65,e1d1f944-7250-59e0-bca7-53ae9186d091,Fictional Harbour Burger sample image,10,true,2026-01-01T00:00:00Z,sample-data
dddf8c2e-e2fa-58b9-9f39-b6848718262c,95aa4d42-7203-5581-a314-7ba4ff85735b,e4fe022f-8274-54be-9d31-10943a9423af,30fe602b-d3cf-5edb-8aa0-336c0972e58d,Fictional Orchard Coffee sample image,10,true,2026-01-01T00:00:00Z,sample-data
eff64c2e-e141-5a2a-a0c6-95c784c96ebc,8550b566-c89f-5552-86ca-8f25b0b21d4d,4cb83726-bd49-5de9-bc9b-5ee9a9f13d33,4f87f709-4a38-5e64-906f-22dddd47df4e,Fictional Harbour Burger sample image,10,true,2026-01-01T00:00:00Z,sample-data
6115bfc6-080e-5eeb-9654-56180a5a5bcf,8550b566-c89f-5552-86ca-8f25b0b21d4d,28c820df-d6d8-5b9c-9f23-e917625793dd,13b264ba-c16f-5454-a653-0bbb3034bd88,Fictional Orchard Coffee sample image,10,true,2026-01-01T00:00:00Z,sample-data
ee02c539-db2f-5c94-8df7-7a3cd2c72098,d615a3b5-351d-5ed5-bb69-c4dcac36aa00,1c4137e8-b4e3-51bd-8e34-f9c9b493268e,b6198dc2-225e-5335-8721-dddb348027f2,Fictional Harbour Burger sample image,10,true,2026-01-01T00:00:00Z,sample-data
02ad85ba-27c3-575c-ba64-da9a972d4d5d,d615a3b5-351d-5ed5-bb69-c4dcac36aa00,c33486c5-4223-59a2-94d4-7382104c7459,2fcfefa0-22fe-5f6d-80b4-1bb824d5ad67,Fictional Orchard Coffee sample image,10,true,2026-01-01T00:00:00Z,sample-data
32240bd0-e73e-59a8-bfdb-42094eb105cc,bb3ac671-6c2e-5416-acd7-85d71693d50e,06f87041-5261-5777-81a6-d70e65703ccf,75cec102-c257-5cbb-90c5-a76e10b427c7,Fictional Harbour Burger sample image,10,true,2026-01-01T00:00:00Z,sample-data
58dd6217-0cef-536e-b5e5-8ac0f9e83c0f,bb3ac671-6c2e-5416-acd7-85d71693d50e,8c4d6e66-affe-5b30-8344-a5eada4a9353,67e6b9b2-fb79-5a75-9ecc-6370c91fb193,Fictional Orchard Coffee sample image,10,true,2026-01-01T00:00:00Z,sample-data
c99ffd1b-b26f-5adb-bd5d-2da58c2c4d96,bfad71f3-0e54-5467-bb83-c8664b3d7bc3,5a5f2985-a9b2-584b-8307-230a4e6a1f1d,3a75c704-e86c-5143-9216-8251d83cfe3c,Fictional Harbour Burger sample image,10,true,2026-01-01T00:00:00Z,sample-data
87e2235d-4ec6-55e1-9862-72643a6497ca,bfad71f3-0e54-5467-bb83-c8664b3d7bc3,12081e71-7dc2-5e03-8150-dac435786f80,d80cab11-1807-5411-afc7-009efd77533f,Fictional Orchard Coffee sample image,10,true,2026-01-01T00:00:00Z,sample-data
cac528eb-e3ff-5de7-b165-d82859850442,104f9e79-e136-5ed4-a852-64d160340e45,253a2b6b-2f91-59c9-b885-21eefdc6291d,0c03fe82-d57a-5eed-ac19-d3c51eb73147,Fictional Harbour Burger sample image,10,true,2026-01-01T00:00:00Z,sample-data
dc9410d6-775a-5014-8ef1-913d9028bea3,104f9e79-e136-5ed4-a852-64d160340e45,c791ee95-2df4-5214-83c5-29a00ea3b039,53330d2e-af35-5abe-91ca-d990ae328c7c,Fictional Orchard Coffee sample image,10,true,2026-01-01T00:00:00Z,sample-data
83276004-c94e-5a48-9e4a-a7124001359f,caa70f0d-2314-5cf5-a481-0c259c347e04,c7895437-3d1b-5bf0-8c0c-fc0dbdeffae6,89da860a-0dec-5824-bee5-8a4a5c995315,Fictional Harbour Burger sample image,10,true,2026-01-01T00:00:00Z,sample-data
e64332b1-72ea-577c-b9b8-15043cd0c9b7,caa70f0d-2314-5cf5-a481-0c259c347e04,591990e9-e4b0-5787-ae06-1a38c145d3a3,e77cbd14-f860-54bd-8745-626e818110c9,Fictional Orchard Coffee sample image,10,true,2026-01-01T00:00:00Z,sample-data
11906d52-dab8-58a3-909e-cf06fc164986,a8e4c50c-665a-56b1-b68c-03b500b4ba4a,ef894ef1-cce4-5dcd-8f27-1b1f19ba9553,97f1ff37-44b7-55b9-9225-d0921de3962f,Fictional Harbour Burger sample image,10,true,2026-01-01T00:00:00Z,sample-data
03f3b348-7c37-5c0d-a3d6-b0893174abc9,a8e4c50c-665a-56b1-b68c-03b500b4ba4a,375c0354-a6e4-5066-85a1-c5d1042a53d3,6bc86c4a-90ff-581b-b312-cadd2980d7bc,Fictional Orchard Coffee sample image,10,true,2026-01-01T00:00:00Z,sample-data
1ae9cea3-718c-52a6-a03f-a277ca0204bb,6cf0dd31-f5a3-5fb4-bdc2-733a20f5f35c,06031a7a-274f-5546-90ba-64675017c1bd,e1a6b3dd-add5-5fd0-97c1-ff4de01f96db,Fictional Harbour Burger sample image,10,true,2026-01-01T00:00:00Z,sample-data
e026b635-5513-5009-94ab-a09cc0a35eb1,6cf0dd31-f5a3-5fb4-bdc2-733a20f5f35c,29dbe9f7-3f77-570a-abdc-7c75c503c0f0,0d699068-c1a9-5dbd-9cc7-a76941ab8ec7,Fictional Orchard Coffee sample image,10,true,2026-01-01T00:00:00Z,sample-data
5a89b848-2cf1-5842-8090-bf9a1874c6b4,5a29b0dd-09ca-560f-b248-db0555c5c325,dee33ebd-5d98-5e35-aac9-63280fdf47dc,fdd94956-5294-5f6f-b24c-1870e433f951,Fictional Harbour Burger sample image,10,true,2026-01-01T00:00:00Z,sample-data
c19c3c16-0743-590e-97ba-b68138dddfa5,5a29b0dd-09ca-560f-b248-db0555c5c325,5e374e41-39ce-5cba-87ea-85c3af58dbcd,7939b8de-774e-512a-b0b6-c596c55ead9c,Fictional Orchard Coffee sample image,10,true,2026-01-01T00:00:00Z,sample-data
df78d448-08df-576c-923a-728adb66d122,bab016a4-e1f0-5423-95ba-68a55a375518,a9d0c72f-3e10-5d2d-ac62-b46bb12815f8,d6808b65-e872-5425-af45-64cc56a22d35,Fictional Harbour Burger sample image,10,true,2026-01-01T00:00:00Z,sample-data
ed6a4166-dc2a-5451-bf29-a85f28f3a00c,bab016a4-e1f0-5423-95ba-68a55a375518,481b43ec-9c80-5835-81d2-00eb4a602197,e541309c-5fb5-588a-acd4-061d21cecf8d,Fictional Orchard Coffee sample image,10,true,2026-01-01T00:00:00Z,sample-data
c27ec4f8-f08d-500b-ba55-dda3a446fe58,bf67c71a-ef24-5eed-87ee-0b99059448c0,bf63e40d-f258-550f-82ad-c99fc1d442da,45807729-b091-59e4-ad59-d026cd8ab5b6,Fictional Harbour Burger sample image,10,true,2026-01-01T00:00:00Z,sample-data
c4ff76df-a517-5369-9284-691b736c406f,bf67c71a-ef24-5eed-87ee-0b99059448c0,a0bac510-b472-519f-9345-978370e501e6,ed062d52-49cc-5dc3-8b43-17b092f9439d,Fictional Orchard Coffee sample image,10,true,2026-01-01T00:00:00Z,sample-data
b886dd98-29b8-596d-96cb-6a661a7ce6bd,07b24cca-976d-532c-9467-d2343cc9f38d,8e8d7f8d-8330-562b-bb04-41d3c7cbaf6b,74b2fd39-1da6-5fe9-8601-2ea629768c91,Fictional Harbour Burger sample image,10,true,2026-01-01T00:00:00Z,sample-data
d2e6e9d0-96cc-5376-85bd-0dc69c89237a,07b24cca-976d-532c-9467-d2343cc9f38d,d11d0171-b4b6-5d8d-bb60-0e770710b12e,3d1cbf89-376d-5136-af04-e4291722d093,Fictional Orchard Coffee sample image,10,true,2026-01-01T00:00:00Z,sample-data
3721b774-0bb7-5e87-bd83-f6e84f38132e,fa9711c5-4a59-5910-b824-83392f64a533,f988dbd9-9091-5957-99fc-d79235f95025,2315d99b-8ba7-5e14-86db-fd8befa6907c,Fictional Harbour Burger sample image,10,true,2026-01-01T00:00:00Z,sample-data
2dcc574b-814e-5251-b31f-a5bfedc8a733,fa9711c5-4a59-5910-b824-83392f64a533,e2aef0fd-c3ca-5d6e-b79a-4bd9944a5f55,c9e6b53f-237e-52b6-b5f7-fde8768b1f2b,Fictional Orchard Coffee sample image,10,true,2026-01-01T00:00:00Z,sample-data
21b2a260-7b8e-510a-9e7e-eb6409ee63b7,597b352f-cbab-5ea6-893f-73309ac2fbf9,fda21025-5955-5176-8814-83613294a154,3f898fd7-efe4-527c-ba80-161c1f996095,Fictional Harbour Burger sample image,10,true,2026-01-01T00:00:00Z,sample-data
191f5f3e-b048-5934-8881-c5b74b5cbaad,597b352f-cbab-5ea6-893f-73309ac2fbf9,f20387fe-e3d7-5103-9a6c-ba437d45ca24,75553251-bdb7-554b-8aaf-f6df8beda430,Fictional Orchard Coffee sample image,10,true,2026-01-01T00:00:00Z,sample-data
299cd9fe-2015-5265-a86a-a9369691f8c9,22681635-41b9-56da-a764-798ba158a3ac,b987634a-9cd9-57f0-8da5-b5a804ecebbc,2c343f18-2b71-500e-bb9f-301d6d5157b9,Fictional Harbour Burger sample image,10,true,2026-01-01T00:00:00Z,sample-data
79cb4fb6-f7fc-5402-b75f-e45e0b7ed9bf,22681635-41b9-56da-a764-798ba158a3ac,ea684235-6f58-560f-93b7-297483f2b3bb,04158022-0734-5436-bda7-c7479d5538c3,Fictional Orchard Coffee sample image,10,true,2026-01-01T00:00:00Z,sample-data
dd068efd-a5cb-586a-8d2e-c37645c5e3c0,07ec22d2-2b6d-5c14-8ffc-39efd39e0a9e,e98763c1-c889-56e1-bb29-16650237a72b,5b8cd689-dd34-54fe-9026-b7ef0208c68f,Fictional Harbour Burger sample image,10,true,2026-01-01T00:00:00Z,sample-data
92e0e97b-19c9-5411-aa65-e9d3ddc3841b,07ec22d2-2b6d-5c14-8ffc-39efd39e0a9e,fbe81235-3fbc-5acf-b208-a593c80968ab,55244421-58ce-5682-91e4-66709cc29bc5,Fictional Orchard Coffee sample image,10,true,2026-01-01T00:00:00Z,sample-data
35b2d91a-0a37-52d8-ba89-01aa57e184d6,fce39051-f305-572f-83db-29fbaf5b798a,f5c63b47-f903-554c-b1c4-931c1b610e2f,f727f895-a83a-50fd-af75-9e9bfedacecf,Fictional Harbour Burger sample image,10,true,2026-01-01T00:00:00Z,sample-data
c0fec041-f554-57b1-9729-223a842e1df8,fce39051-f305-572f-83db-29fbaf5b798a,61b6f2ef-7c63-50e7-8360-2c991ee897bb,c67e9d4f-6965-5df3-8ed7-d27d95e56d3a,Fictional Orchard Coffee sample image,10,true,2026-01-01T00:00:00Z,sample-data
b89bdb1e-cdf5-53e4-9dba-729b8019e91f,d6cf8637-33f0-58ca-a006-64b3c3f5b7f1,4c6345d0-a1de-51f5-bab8-bb19944764b3,4b56cbe8-58f9-521e-becc-b85778249b55,Fictional Harbour Burger sample image,10,true,2026-01-01T00:00:00Z,sample-data
29349e15-32e9-5d7b-8d67-3bb0577d0c47,d6cf8637-33f0-58ca-a006-64b3c3f5b7f1,6b2e6e38-e901-5b5e-a858-3898ad13b4ce,63614fd1-7b58-5f10-a9ce-c266acb902f9,Fictional Orchard Coffee sample image,10,true,2026-01-01T00:00:00Z,sample-data
79492086-d775-5495-843f-59611ae6eb07,4b8ac2bc-db12-5fb9-8556-20aa186929f6,29b1b607-eed3-5271-ba48-5d3bf61710f7,0a8733c7-f767-5275-905a-495a64bf7b4c,Fictional Harbour Burger sample image,10,true,2026-01-01T00:00:00Z,sample-data
aea40421-464d-5fb6-b1d4-527d03f58054,4b8ac2bc-db12-5fb9-8556-20aa186929f6,62e8ae38-8d73-537e-b0e3-4e9a8eee1437,3859779c-c509-5384-b36d-5943f1810547,Fictional Orchard Coffee sample image,10,true,2026-01-01T00:00:00Z,sample-data
32f1937f-16cc-5a6f-8f55-59fe2681131e,7a5fbc73-7498-500c-b457-d15f22bb9989,734bbda8-9920-518d-aa5b-dd0f3dfd2801,10ddf06b-89ac-51e9-b1b7-892e0201026c,Fictional Harbour Burger sample image,10,true,2026-01-01T00:00:00Z,sample-data
12f607c1-7a44-53e8-acc4-bfd3a0f246ed,7a5fbc73-7498-500c-b457-d15f22bb9989,90121540-217a-5d85-adf4-2caf1c3a8f69,1e1b193c-e29d-5b30-b6f1-dec5d42a33fe,Fictional Orchard Coffee sample image,10,true,2026-01-01T00:00:00Z,sample-data
c75336bc-afd1-5158-971e-732d237bb65a,8ca9e1ae-e628-59af-8ab4-395d06328807,a4095253-99e5-50ae-94cc-bf83af90f8df,50cc4798-16de-54b5-9104-94f3256cdc66,Fictional Harbour Burger sample image,10,true,2026-01-01T00:00:00Z,sample-data
cc266f98-3080-512e-9ad4-ca9a07ff52b0,8ca9e1ae-e628-59af-8ab4-395d06328807,b188f432-8ff0-5061-a658-9da9d0ff1ee9,7b36b510-5856-55eb-bda7-b097a3e173f2,Fictional Orchard Coffee sample image,10,true,2026-01-01T00:00:00Z,sample-data
c44a670a-e116-5165-910f-0feeda7bdf06,98e2754e-6697-50e6-8bab-81a98e4aeca7,40fef47f-73d0-519f-9aea-e24aab4fe228,b3688db4-6001-5b90-9b21-4755fe4b05d4,Fictional Harbour Burger sample image,10,true,2026-01-01T00:00:00Z,sample-data
1ed8b01c-6c9c-599a-b232-3cdb77a8c0cb,98e2754e-6697-50e6-8bab-81a98e4aeca7,2ba6d0f1-48ae-51c7-96fd-46bb2d298ac1,83c71aaa-1c8e-564d-b787-5307f326efe3,Fictional Orchard Coffee sample image,10,true,2026-01-01T00:00:00Z,sample-data
f3880009-e5d2-556c-89b4-823d02f7945d,bbf4f4ee-81c9-55b0-80af-33be79e561ee,47056644-f38e-5e78-bb8d-350cfb62cc39,3599f04b-e638-5437-b189-ecd46e742e00,Fictional Harbour Burger sample image,10,true,2026-01-01T00:00:00Z,sample-data
b17164c8-8261-51af-be49-51afcca16181,bbf4f4ee-81c9-55b0-80af-33be79e561ee,806f66f0-163e-5f07-ba14-1e88ccd77b82,af882255-261c-5dd6-8b38-1067bf3c55e9,Fictional Orchard Coffee sample image,10,true,2026-01-01T00:00:00Z,sample-data
02ae8598-be6a-5335-9c42-b233039b158b,c1460c74-b0e2-5d90-9797-9f6b2e861e30,dfd0c90e-2089-5dee-b2f2-2b6c89bd5cc5,5166d2bf-edb5-5941-a23b-e0878d822147,Fictional Harbour Burger sample image,10,true,2026-01-01T00:00:00Z,sample-data
7e3342a2-27ae-56f4-be68-4a14f1025e90,c1460c74-b0e2-5d90-9797-9f6b2e861e30,434b4203-88fc-59c9-a1c5-56193208c65b,128341f2-2a77-597a-90b3-fcdff91a779f,Fictional Orchard Coffee sample image,10,true,2026-01-01T00:00:00Z,sample-data
97919ad2-ec9b-52b5-8bd2-dbff583310fa,67af2cf8-ba63-5420-aaa1-3d4828850036,b4c628c0-17a5-5dc2-bcf4-f843831b6c5f,46f38aed-3c2e-5884-8868-19290d1c076b,Fictional Harbour Burger sample image,10,true,2026-01-01T00:00:00Z,sample-data
9d542385-e2da-53ab-8527-f19745b9bb6a,67af2cf8-ba63-5420-aaa1-3d4828850036,ef1c55b2-e5c6-5318-b276-663f2cc35571,4e8319e6-6e79-520e-85e9-7ad001c0ada9,Fictional Orchard Coffee sample image,10,true,2026-01-01T00:00:00Z,sample-data
3e548202-e4ec-5dd7-bac5-ebf9f6c7df13,517ff701-319d-502a-b5b9-e1c36a3cde3c,27cc60c2-e537-5889-96a9-17e05f8bec65,56cf2c8e-31fd-57a4-9528-9c3443533029,Fictional Harbour Burger sample image,10,true,2026-01-01T00:00:00Z,sample-data
70926539-b6b5-52c3-91e9-19dc0bdfc330,517ff701-319d-502a-b5b9-e1c36a3cde3c,8c65df1f-87c4-51aa-acc5-53facd835726,7dded456-5e7d-541f-a211-4b344d7b4546,Fictional Orchard Coffee sample image,10,true,2026-01-01T00:00:00Z,sample-data
b4adf666-cbd0-5523-9859-ad199799c1ee,b3efb6f0-9635-58cf-b533-6394b23e857d,76498357-6804-57a3-8c17-8c522756301c,d99d33cf-b732-534e-8919-277ff7416d58,Fictional Harbour Burger sample image,10,true,2026-01-01T00:00:00Z,sample-data
e70740ce-1f50-5da3-9637-59dece022c5a,b3efb6f0-9635-58cf-b533-6394b23e857d,33ba8623-4c46-54a4-bfdb-862088f742fe,6f5a39e4-bea7-5da8-ab11-fe574fc3ce33,Fictional Orchard Coffee sample image,10,true,2026-01-01T00:00:00Z,sample-data
3ce9d802-84fe-5187-b8cb-bce693e8855a,707f9a45-b18a-5759-b1bd-cb4b9991c763,5650e9af-d2d2-5697-b457-37eb6fa6d321,079f4e8e-7834-563a-acf2-de1b7263422e,Fictional Harbour Burger sample image,10,true,2026-01-01T00:00:00Z,sample-data
fa3af6ad-079d-5eda-af48-f8cf8311b86b,707f9a45-b18a-5759-b1bd-cb4b9991c763,b525e4f2-42d0-52fc-9944-4b58afdecf01,dc50c9a2-aaf1-50b2-ad72-9e217d57f35c,Fictional Orchard Coffee sample image,10,true,2026-01-01T00:00:00Z,sample-data
61115d6e-a17d-5e8d-a01b-ed6fd03048d2,4b4841d6-837e-5b3a-8625-eb21c5856ff2,70ce7359-e368-574f-a4f7-104aac3f00f8,d44ed34a-cdc3-50ff-9cab-b8494e3859b8,Fictional Harbour Burger sample image,10,true,2026-01-01T00:00:00Z,sample-data
3d9830a5-ca59-5d58-925e-ea3f64a69731,4b4841d6-837e-5b3a-8625-eb21c5856ff2,4d1d753a-5877-5127-b592-8192c5ec1db3,e618051c-5fd7-57a2-a3ee-b2037ff0c3d4,Fictional Orchard Coffee sample image,10,true,2026-01-01T00:00:00Z,sample-data
a969a912-64bb-5c1a-855a-d485015b6da4,c4afafa8-25c3-527c-95bc-c2ce6efb5a36,cee6fdb2-c59d-5164-b502-b042a7b0e11c,caf19166-99a5-5960-ba5a-0083c6d3c90b,Fictional Harbour Burger sample image,10,true,2026-01-01T00:00:00Z,sample-data
1ef320d1-be2b-5fef-a3f0-acd75499fe95,c4afafa8-25c3-527c-95bc-c2ce6efb5a36,b4836908-c461-5767-84f7-e7265cc86124,f7e766af-a117-5918-a366-a0da7b4b0482,Fictional Orchard Coffee sample image,10,true,2026-01-01T00:00:00Z,sample-data
b49c936f-0b72-571a-bf33-795a4ad66cc0,44c58e92-2d0f-5de4-949a-53cca4b7c650,e3bd849d-cf2e-5061-857b-4ea0e911f18f,51302313-1141-5ba1-ba7a-469d05212c50,Fictional Harbour Burger sample image,10,true,2026-01-01T00:00:00Z,sample-data
89058414-79b8-5b48-826d-0d30e6096f75,44c58e92-2d0f-5de4-949a-53cca4b7c650,46dfaca3-a663-5789-8a02-6dd8c1f3f8f7,23e19573-4549-5926-bbae-14c10593fd61,Fictional Orchard Coffee sample image,10,true,2026-01-01T00:00:00Z,sample-data
8f37b3dc-51e1-5455-8019-849d68610828,fadf79e7-84bd-54aa-8fce-71315980e940,87514a74-125a-59c6-b2bc-a72c5a10ec02,9efa0e94-2bb2-57a7-8519-7f369bd4f7f4,Fictional Harbour Burger sample image,10,true,2026-01-01T00:00:00Z,sample-data
08d0432d-2230-5a3e-aea0-cef8637fc77c,fadf79e7-84bd-54aa-8fce-71315980e940,59e7a5ac-be92-52dd-9dd4-c10faefa334a,6db65887-c170-5638-85db-deb4e97b4f5a,Fictional Orchard Coffee sample image,10,true,2026-01-01T00:00:00Z,sample-data
f5f1e44b-fba6-5e84-b2e7-2809cdc1b17a,a3bed95f-b4d1-5aea-963e-723a3b5343d7,5cb0673d-3e6a-51e2-acbd-fd11e2c5b95c,ef0296a3-9097-575c-8a7c-8a55eeee757b,Fictional Harbour Burger sample image,10,true,2026-01-01T00:00:00Z,sample-data
036b7c97-251f-5c89-9489-57650f9d1d2d,a3bed95f-b4d1-5aea-963e-723a3b5343d7,600d11ab-c4cd-50d0-9e71-6c0cb3d95882,d7807890-0cef-5669-a370-f90279f20fd3,Fictional Orchard Coffee sample image,10,true,2026-01-01T00:00:00Z,sample-data
519e72fd-e6a5-5692-be08-a5802daa9029,dfc9650b-5da6-5083-b918-0069b7f18a39,af34a331-0e03-57a7-a280-69d86d2b10e9,2d3d4b30-2004-5a36-83f0-e194dc029b22,Fictional Harbour Burger sample image,10,true,2026-01-01T00:00:00Z,sample-data
fa944897-7c87-5228-9c70-a9fc4006c3c4,dfc9650b-5da6-5083-b918-0069b7f18a39,e80eaae3-4f14-5dfa-bf57-b3dbb3335c6d,fe13e376-cdb9-5ada-a812-c2a5766c39a2,Fictional Orchard Coffee sample image,10,true,2026-01-01T00:00:00Z,sample-data
031ddbe8-fcc9-59d3-a998-9800c546db01,e40302ce-cd87-5926-898b-7077c873c69c,4437e16a-d3bb-5f8c-b405-25d9c2d7f213,f9d5097a-7f52-575a-9c13-0049d5d510d6,Fictional Harbour Burger sample image,10,true,2026-01-01T00:00:00Z,sample-data
db294344-8e40-5163-9207-f19199065319,e40302ce-cd87-5926-898b-7077c873c69c,39b51865-6a70-56c5-9b1b-00453ba200ff,5100176e-0f5b-5f5d-b47f-97957e7a10f2,Fictional Orchard Coffee sample image,10,true,2026-01-01T00:00:00Z,sample-data
5c6e5126-64e1-547e-b389-b722dc7f3afd,c1f4e8f0-e00b-5a1e-82a4-2aa113ce0e2e,ed8983e2-f018-523f-b2a2-d0b33511f8f8,d43d1ec0-12c2-5ab7-b17c-789d71269a46,Fictional Harbour Burger sample image,10,true,2026-01-01T00:00:00Z,sample-data
adede2b0-7242-5659-b22b-9879771b1229,c1f4e8f0-e00b-5a1e-82a4-2aa113ce0e2e,c57af612-082c-55cb-b087-3e53a7a022e9,7e255c1e-af15-572f-bec6-85f8512de53f,Fictional Orchard Coffee sample image,10,true,2026-01-01T00:00:00Z,sample-data
f9627141-17f3-5fb1-ae0d-a8db77976db3,80267d1d-6166-5d66-a39a-2fe7d3ec9558,3623c0f6-ce36-5bb1-8d49-a4727e95924e,22e70d8b-2f2e-5615-aa73-dddaaded18fc,Fictional Harbour Burger sample image,10,true,2026-01-01T00:00:00Z,sample-data
fb31adf3-b3fb-5e68-8c9b-d79c8d64bf25,80267d1d-6166-5d66-a39a-2fe7d3ec9558,64e321c8-3b0c-53b4-a830-d43783ccb350,0bf00f0d-050c-5fcd-b837-dba4e9658837,Fictional Orchard Coffee sample image,10,true,2026-01-01T00:00:00Z,sample-data
3004bb23-838e-5a59-b53a-2e7f06748d29,7e941da0-444e-555b-8c14-37022c2450f6,f04fb7b1-6215-5fde-8b77-57dc1dea8065,7d258d98-800b-5b9d-a10c-01de184935a6,Fictional Harbour Burger sample image,10,true,2026-01-01T00:00:00Z,sample-data
7d0c2548-1abd-54d7-86a6-441f7f7b0d19,7e941da0-444e-555b-8c14-37022c2450f6,21308fc2-d3a5-53f2-8f1f-3e61596e2257,54031262-a7c4-59ad-99aa-bdcf640b66e9,Fictional Orchard Coffee sample image,10,true,2026-01-01T00:00:00Z,sample-data
44e53bc7-50f6-517d-bc81-076fb9f50a63,9e1b7503-21ff-59f4-83b8-5c7bb3c79c9c,86d7e974-a1ca-57aa-a956-17d968f431d4,84c9f7a0-31bd-54e9-9609-fb88679e8396,Fictional Harbour Burger sample image,10,true,2026-01-01T00:00:00Z,sample-data
5e5ae339-b82f-52ff-a216-7a9d73c5fc04,9e1b7503-21ff-59f4-83b8-5c7bb3c79c9c,616b8fa6-e2a4-575c-9398-eba6da664681,2b1e429e-48bc-54cb-8056-cfb26b675a24,Fictional Orchard Coffee sample image,10,true,2026-01-01T00:00:00Z,sample-data
b9c8eb5b-814e-5e23-bd0f-b1443cd414fe,c824a05f-57b4-564d-8182-a0acb1779be0,2969f7ff-0625-55b6-b15d-2c8cfd40a0ac,00a69ab3-00e1-5e6c-817a-aa6c2a5762d6,Fictional Harbour Burger sample image,10,true,2026-01-01T00:00:00Z,sample-data
cc8dd954-5c35-57e9-8bc5-2e21a0ac3ab0,c824a05f-57b4-564d-8182-a0acb1779be0,66804ef2-b002-5ab4-88a6-51ebc39fbada,1eb774b3-4925-5473-a0f4-b402f462ca55,Fictional Orchard Coffee sample image,10,true,2026-01-01T00:00:00Z,sample-data
d411894e-eb46-504a-a9e6-f41497bdd296,7b2007ac-f4b3-5a96-998c-4b5bdb6201f7,2675fd4c-3064-530c-8e7c-4a72a458deec,ad175d9c-dfce-5b64-8a23-ec802a7510d4,Fictional Harbour Burger sample image,10,true,2026-01-01T00:00:00Z,sample-data
dee3de15-8371-50b6-afe3-c7b36d5b0188,7b2007ac-f4b3-5a96-998c-4b5bdb6201f7,97722d3f-46a1-592d-8384-79df20cf7711,1c926fc6-5878-5d33-96ed-c03e0e16b86b,Fictional Orchard Coffee sample image,10,true,2026-01-01T00:00:00Z,sample-data
