order_id,terminal_id,device_id,dining_table_id,employee_identity_subject_id,client_operation_id,collection_number,context
0d000000-0000-0000-0000-000000000001,a3000000-0000-0000-0000-000000000002,\N,ca000000-0000-0000-0000-000000000011,sample-user-001,0d000000-0000-0000-0000-000000000005,D001,"{""fictional"":true}"
1ac47f46-9b76-52e7-9710-a3270fdb6c0d,93169812-f2e2-5aaf-a9dd-3147f9bc6851,\N,11c67212-cf9a-5928-b66e-6516596845a6,sample-user-001,265676a5-0f66-5716-9b64-018dd19be00c,D001,"{""fictional"":true}"
85924700-20f0-57e2-b29c-b6e2b159a606,9cb4b6a3-0d39-585c-98cd-63c386351d04,\N,721e5822-e410-5218-ba61-9b465c9ec26d,sample-user-001,ecefbbe0-31e8-56b7-b03e-ceb9f9e8e064,D001,"{""fictional"":true}"
dc99f6f9-706a-506f-bc05-40359b125d5c,f642df17-eed8-5540-ab47-18c9b21cbe81,\N,9a62e06a-1c2a-526d-a85d-27526a50eadb,sample-user-001,131e3cbf-e170-5c80-9f19-7e245447e7d2,D001,"{""fictional"":true}"
9256c8c8-680f-516d-bb84-8382ffd14af4,e49a40b0-a7ac-522a-8965-2e50afd6b6b4,\N,229633be-d3b6-5adc-860f-b886a47cf822,sample-user-001,ea7fe822-c1f6-5592-b5d5-dfa3470eb459,D001,"{""fictional"":true}"
350a23ee-21a4-5eb7-9c80-119858f5e6f1,409f2746-194d-55f3-b954-9756439ec21c,\N,a50866b8-ca33-531b-ab32-19eca0142688,sample-user-001,527f813a-9792-5ff6-a25e-244c4e90f891,D001,"{""fictional"":true}"
1c04c73e-f11e-5d30-8569-603615419a07,861c9702-e61d-53c5-90fe-2581fdd6a93b,\N,3ca684a8-93b6-5697-b759-333d01e7400d,sample-user-001,643f6a78-d08a-5f2e-bbca-3358a977c645,D001,"{""fictional"":true}"
ecd8c9c4-f108-5631-8771-8012591a3342,61f876d7-1e3e-5d6d-af00-c790460a3cd9,\N,43587c52-2080-513d-99ea-b0160f9ce626,sample-user-001,6aa2f26c-0d90-57ce-a913-bce961601007,D001,"{""fictional"":true}"
5f93610e-1295-57be-8f01-73c755b8a29b,a7596b1d-4f74-563f-9645-e2328437cbb0,\N,491612bc-63e8-5db0-bce3-d022a5effa46,sample-user-001,b61a8a0c-8c52-55cf-81f8-6c6345cc5db7,D001,"{""fictional"":true}"
82ccac59-060b-5257-a765-69f8d1da1e62,cb2ca33d-7c9a-5e14-a2b5-31d698ed9a60,\N,9d3248f5-4dd5-56a2-a6dd-bc8a5e7f0973,sample-user-001,e4b2e35d-f2b2-5e1b-9dce-aa2b38a39857,D001,"{""fictional"":true}"
450dca80-f375-51db-9401-680b18119c56,7c721358-40f2-53fe-aa74-5e44e9a4aeec,\N,168697d1-3c47-53dc-9e39-42a88347a913,sample-user-001,3e402c46-1d9c-5fd6-a99f-617277406dc1,D001,"{""fictional"":true}"
dd4b24fe-84b1-5666-8b71-c6f07650b798,a50eb5ff-5d37-5215-81de-5851f1f5c5fa,\N,667ae1ff-51b0-54f4-82dd-2e7b14635f27,sample-user-001,df89520b-fdd6-57a6-b760-228664446a41,D001,"{""fictional"":true}"
09634954-2342-52ba-9a0c-3a3b3306314e,e3204688-240a-54ec-8a74-405e019d12d4,\N,bf13c869-b82a-569b-ab71-18462b8fd2bb,sample-user-001,9bf2834a-9f9d-55ce-9a71-743ae074e890,D001,"{""fictional"":true}"
c9e72080-d5fc-5e91-b66a-01ba01d17273,bfab3b53-a1df-5997-80ae-78165f29846c,\N,3bf1e919-221a-5272-964a-af77dee1e6a9,sample-user-001,60cd4231-c94b-5c40-b427-df45e1eb96ab,D001,"{""fictional"":true}"
8739b75a-661c-5cd6-8d13-75d8b1d9ccb7,cd291c8d-0dfc-5b56-b490-9e1fad538191,\N,aa7ee21b-3de0-5322-850c-ef3394e59c2f,sample-user-001,cb82eb47-d069-59e5-bd49-4cd7fe22e52b,D001,"{""fictional"":true}"
adb41fc7-e7d6-533e-b4db-aeeb5f280461,a4fa370b-bb1e-5ca4-a598-8ab38d3aa123,\N,ef07db22-dd8d-5133-a44a-248b01118be7,sample-user-001,17db36b8-923a-5fc7-9782-ede607a2261a,D001,"{""fictional"":true}"
917b8fdf-f7f4-5a42-af5f-ce6870ce3ce2,5fba96f9-47d5-5608-9904-9ef85c8f2bdf,\N,4a7dbaab-89ad-5012-bc0f-cd4839f66b06,sample-user-001,3e1fbb33-ba2d-5614-9d45-4f8b2b79d504,D001,"{""fictional"":true}"
aa1f0c86-0128-5242-9569-2ed5aa67aefc,61703e60-3ba6-54d2-b8c5-c1471f3b24bc,\N,f0086383-366b-5344-b893-894b50dcc523,sample-user-001,250aec53-f817-5ab1-956a-d35246e254c7,D001,"{""fictional"":true}"
78cefe97-766f-54d0-967b-6d1f2db51f88,f1a025dc-298c-5281-b64a-425b8878c910,\N,13a20abe-90f2-5fc4-8383-cb1c49a158f0,sample-user-001,7f5d2794-e1e1-533b-a3f4-4f8d9a690780,D001,"{""fictional"":true}"
c987aa17-b646-5efa-9b4a-7a676ccc4c21,03982eeb-42c8-5f39-a64e-60d1f38ca6d6,\N,3ed093ce-53d1-59ea-ba31-c23ca6911d80,sample-user-001,f863c6e6-22bf-57dc-a9f1-510722ce0835,D001,"{""fictional"":true}"
09f7a746-3556-5328-81ed-f7f895569d48,1df58e3a-d9b9-5a97-8dff-ec13f87c0a19,\N,034dc924-9343-588a-84e0-894b049cf41f,sample-user-001,cb2bfa5c-2a3d-5bf3-b390-eb578de0b514,D001,"{""fictional"":true}"
8e733609-455b-569f-9907-ddfadbbedf9b,9d11d879-5b94-5959-8a89-dd5274476a2c,\N,b5d4113d-772c-5b54-b7dd-178d55d31177,sample-user-001,29ca5789-c51b-55a2-8da0-b3638c88bd6b,D001,"{""fictional"":true}"
40f114ce-9664-5538-b6d6-b44eca862dd4,d13d67cf-2efe-5cd2-9978-b5dba847fd1c,\N,fc63f085-d2c0-5b3e-a1e1-538ba2734518,sample-user-001,e50f6793-cbbe-5295-9178-32d6d8e4a919,D001,"{""fictional"":true}"
4cf48f5b-603c-5720-a5d0-fa6697541c9f,329e97f5-0be5-53d6-b583-b963681c62b3,\N,016ab804-14db-5130-9634-ccc45b063104,sample-user-001,cb57e334-db49-515a-9ec6-5f43462e3573,D001,"{""fictional"":true}"
ecd2ab1a-0622-51f1-8043-b19262a7addb,8ac9d97e-2486-5630-9e30-18e96afb9598,\N,b8e7f69c-05f1-56e7-9aad-b93407363a0e,sample-user-001,c377b6e4-ca1e-585d-b471-81ba36d7d25e,D001,"{""fictional"":true}"
b2276c59-956d-5c13-8003-3ada140a55d8,9691370c-7623-5e74-96b4-05f06174ce60,\N,f3bd4670-1cfe-5034-b074-315c03716f84,sample-user-001,209dc520-ebe4-596d-b4c3-b5fd6e128138,D001,"{""fictional"":true}"
5dd81f68-b2c1-5c5b-b1d4-f73ee721d116,6fc30bf3-b0e7-5be5-b528-cf48b89c72de,\N,bebd515e-51ce-5caf-b49f-b2630106b9af,sample-user-001,ba49595f-95ea-5a87-b929-b4a481a35810,D001,"{""fictional"":true}"
16fcfa49-306d-5031-b940-c9fd4da435d1,3eb8807f-dcca-5f6d-b9cc-938a9cf4fde5,\N,3c09c32c-3298-5c69-b13d-420f7361f003,sample-user-001,3592bdc8-bce6-5257-aa6c-ed34589a6216,D001,"{""fictional"":true}"
a094425f-8725-52d5-978d-9890da8dcf58,e49e8901-4804-5bb3-90b6-383c5c69d0fd,\N,61f6fe8e-4d29-5a5f-8267-00fafbdd76d8,sample-user-001,13d2de43-42a1-5eb9-a8fe-695dae8e4026,D001,"{""fictional"":true}"
ef203fed-b93e-52de-937b-57c3ff030578,17fa1894-0786-5d59-9d49-d996884f8b6c,\N,5785540a-3e79-5805-80b1-4553eed121df,sample-user-001,688af18e-12b3-5301-98ef-9e3e821be41b,D001,"{""fictional"":true}"
fe94bf77-950d-5828-9523-bda16ae24f8a,d686a13c-c3b7-53d3-8eeb-16f584021401,\N,65ba36c8-ad88-5c92-836b-b8d49f84566a,sample-user-001,4da8bc0a-8d1f-5ef3-9f94-aff3e48353d3,D001,"{""fictional"":true}"
3fe31ccd-b39a-5dca-8f5f-f98bf1162b3b,f98dae57-be32-59c1-bd2f-8d1dfcd44f19,\N,77db1f12-91b2-50fd-b00f-11857e8d84a0,sample-user-001,6e0bbcc3-e51f-59e2-81b1-afa050110104,D001,"{""fictional"":true}"
d229ca0f-6d9d-525f-ba33-2c3d78f399e4,e5602e8e-2b81-54a3-9ad3-99e171943b9b,\N,11049aff-1e84-5bc6-b99e-2a795cefed6d,sample-user-001,c25d3d1c-5e67-582e-92ad-6748b1fb1cc9,D001,"{""fictional"":true}"
4edcd556-25a0-5b4b-a2a4-a20b7869e5ce,3e156928-85eb-5160-9061-58085936c344,\N,f7752a0f-2d13-57b1-9bd8-3c43dab81fc4,sample-user-001,08c875bc-ddf0-5c36-85e9-cdaf8fd07e6f,D001,"{""fictional"":true}"
c83f64dc-472b-5668-bf36-327debeeef06,cf1c7761-d8c5-59c4-b712-be7cee293ecd,\N,2874fc46-550b-51fd-8f62-99ba2e18c61f,sample-user-001,893ecb6d-9b7f-553d-b6a9-ad0a079bcd1a,D001,"{""fictional"":true}"
3277f419-6976-5730-8fb3-6eced2ee491c,242c6b24-4819-55e1-ada6-3474d41d2591,\N,6f87a1a6-fc9f-5ba4-879f-d0fd90bb7886,sample-user-001,c7c43f5b-c460-50f8-bb77-fda1eed7bf9f,D001,"{""fictional"":true}"
f9cf74e9-e95d-5d16-8516-c4fb751dbeda,00bf815b-8ec0-525c-91ae-c75d6215ab82,\N,79f8c2b9-46ea-578c-90b7-d635d8a117e9,sample-user-001,3ebbfe93-0268-5da5-8baf-431677bbdfa1,D001,"{""fictional"":true}"
768760e4-4bb0-5fc0-956f-d7137703c8b0,3fb4327f-6290-5060-a04f-73ab04d4f47d,\N,2c8f6782-a124-51e9-af3c-27585740832e,sample-user-001,60c5fecd-2b3d-51b7-85c7-cbbd9908f30a,D001,"{""fictional"":true}"
d6f419a1-eb1d-577d-b6b8-25072f213872,79398728-5f8c-517f-b9a2-504a1ea9968d,\N,1e97e154-78f5-557d-81bb-947d02b74dac,sample-user-001,3724f52e-3840-5498-935a-e933a41533e1,D001,"{""fictional"":true}"
afd9195d-dea1-55d8-a303-b0b4b897e212,364682d9-a566-5729-b3f3-a582a8439ac2,\N,251b0c9f-6fa0-5fb4-aa0b-57220bade21a,sample-user-001,8683ca1e-7b2e-58a3-b69d-08a0bfa4c79c,D001,"{""fictional"":true}"
421ff8d9-d7d4-5879-b00a-c512b28fd4df,6b83f82a-b0d3-5f11-a7e7-5ea7fc08178a,\N,96827f69-ccce-5c6f-95ac-65e418d45789,sample-user-001,7bdf489b-ee5e-536e-a1c7-b85e0ad4a491,D001,"{""fictional"":true}"
a3ab5eeb-9e56-5cdc-b71a-9336112b8aec,73ee6614-e352-5de3-a577-024031effd8c,\N,4fa43d2c-d74d-5882-9bd9-8e1e44866e77,sample-user-001,b17ad00a-f2a9-5352-b2a1-879712403d19,D001,"{""fictional"":true}"
fd0b8bb2-7e67-559b-bdba-58f1e9ce0282,911b7224-43b0-5f89-9682-3694f61993ac,\N,f5c5a9e8-b050-5b28-9a31-aae7364aa136,sample-user-001,70d5f226-75c8-540a-beac-1960d6c5e7be,D001,"{""fictional"":true}"
15ee0899-79ad-57ff-b4a4-e71768fe7448,33f3e3b1-762b-59ed-92e6-bb6ba2c77b9f,\N,0027f4a8-fac7-51c0-93c3-8b3189806ef0,sample-user-001,97a976e2-bb24-5f8d-9806-34d97043c829,D001,"{""fictional"":true}"
7e2f25cc-ae76-5112-9dd7-2ba69f5e0e8d,82a6256a-39e3-5ed5-ba98-2fbb9e4f1e01,\N,4ab8b7bf-f973-52ca-bd75-7a05f5726a9a,sample-user-001,6e4240bf-7bf1-5a83-98cf-2f9e31424d1d,D001,"{""fictional"":true}"
06a252f3-4436-5c52-9b4e-ce4a4ce86b99,d7aeb361-4f20-575d-aa0a-ab54f6502f2f,\N,563d0231-e500-5dc9-b6a1-9d3b4a3603a3,sample-user-001,29a9e9ea-baa3-5195-9b80-18c0c70ceb7c,D001,"{""fictional"":true}"
93c812ad-0f00-55b9-9c72-20153dde4a5a,5e8e1ce8-2127-5c56-b7de-235191a84c2c,\N,2f7859e5-6cfc-5827-8af5-02734df05e9f,sample-user-001,a01b46b7-a000-5101-a463-b85c73953cf4,D001,"{""fictional"":true}"
2cda9f50-6f04-507e-9f64-404cfe963083,e5cade66-49e7-56fe-8554-5662c616feb1,\N,ec304cd4-c44b-5fa8-be37-51b6eb3f0261,sample-user-001,64ac5067-a788-54b9-982d-8b7e58bc9cc4,D001,"{""fictional"":true}"
ef055e36-cfcf-5866-8188-6d6905e6c8e4,5138e8ec-9cdd-58b6-b84d-7abc4ed26c31,\N,532d7c8d-d4fa-5d7d-ba54-3a7af4de130c,sample-user-001,228c9d84-5a93-55a9-bda7-915e43b12225,D001,"{""fictional"":true}"
ad638b19-0416-5c7a-8086-be63838d4522,a1113ba6-ae86-56d6-a8c6-1285d44b0f2d,\N,9394cffe-36fc-5598-921a-3773889d9586,sample-user-001,908b3a5c-5aaf-5a59-a4d9-64e4dbf67dbc,D001,"{""fictional"":true}"
