id,event_type,contract_version,aggregate_type,aggregate_id,payload,occurred_at_utc,published_at_utc,retry_count
a2000000-0000-0000-0000-000000000005,payment.sample-data.loaded,1,payment_intent,a2000000-0000-0000-0000-000000000001,"{""source"":""sample-data""}",2026-01-01T00:00:00Z,2026-01-01T00:00:00Z,0
4bb330cd-d5cc-5a01-b7dd-012a7a642d37,payment.sample-data.loaded,1,payment_intent,cf0ec422-d896-54c5-8e1a-9d684ef72331,"{""source"":""sample-data""}",2026-01-01T00:00:00Z,2026-01-01T00:00:00Z,0
46d29062-a5dd-5505-bdc6-780081877212,payment.sample-data.loaded,1,payment_intent,d1d28a90-b150-5e04-becf-f61edc95f762,"{""source"":""sample-data""}",2026-01-01T00:00:00Z,2026-01-01T00:00:00Z,0
bb9e7094-ee95-5a3f-9dc1-437ded5c9a48,payment.sample-data.loaded,1,payment_intent,06e146a6-f2c5-5c44-811a-befe68e4b9a4,"{""source"":""sample-data""}",2026-01-01T00:00:00Z,2026-01-01T00:00:00Z,0
9abafa98-b241-5d7e-8638-c26c940d9d88,payment.sample-data.loaded,1,payment_intent,94f14596-a44b-5aba-9198-79af8f9c6251,"{""source"":""sample-data""}",2026-01-01T00:00:00Z,2026-01-01T00:00:00Z,0
43b54ca4-c3dc-5a4f-a80e-2e1653e436e5,payment.sample-data.loaded,1,payment_intent,9d08639e-3c60-5ef5-9144-5733e9d8dcd5,"{""source"":""sample-data""}",2026-01-01T00:00:00Z,2026-01-01T00:00:00Z,0
269cc39a-fd4c-543e-8376-74ee18c1e3c2,payment.sample-data.loaded,1,payment_intent,0c7f1285-e14d-525c-bb5f-23dceea64b14,"{""source"":""sample-data""}",2026-01-01T00:00:00Z,2026-01-01T00:00:00Z,0
59bf8d12-55e7-5584-ab13-4e5cdbca9a47,payment.sample-data.loaded,1,payment_intent,56b5aea1-da85-538c-be69-bc689f4ecade,"{""source"":""sample-data""}",2026-01-01T00:00:00Z,2026-01-01T00:00:00Z,0
6f8c3035-ae4e-51d5-a9b5-90bc7daa1fc5,payment.sample-data.loaded,1,payment_intent,1a112fb3-31cf-5e4d-ba60-1d0f8556bbaf,"{""source"":""sample-data""}",2026-01-01T00:00:00Z,2026-01-01T00:00:00Z,0
9f2b2f80-d9e7-573d-819a-7fc45141af11,payment.sample-data.loaded,1,payment_intent,915636e3-06d4-54ab-82b9-bb2004d8357a,"{""source"":""sample-data""}",2026-01-01T00:00:00Z,2026-01-01T00:00:00Z,0
986af644-3694-55ff-83af-fee6d37a2830,payment.sample-data.loaded,1,payment_intent,31d4c54c-0ed7-51d1-b712-fd57bdaebe15,"{""source"":""sample-data""}",2026-01-01T00:00:00Z,2026-01-01T00:00:00Z,0
5f56a1d9-4f35-56ca-92bf-b934ca5313fb,payment.sample-data.loaded,1,payment_intent,c0063488-8036-541a-92e4-7020ec17ab25,"{""source"":""sample-data""}",2026-01-01T00:00:00Z,2026-01-01T00:00:00Z,0
c2689326-85a2-5817-a968-9e9a3aff7bc9,payment.sample-data.loaded,1,payment_intent,0855e5cf-8216-5da7-a05a-bbefa59ce85c,"{""source"":""sample-data""}",2026-01-01T00:00:00Z,2026-01-01T00:00:00Z,0
834ad921-17b8-580c-8ea1-e2406f0df7bf,payment.sample-data.loaded,1,payment_intent,f8a85200-f9f0-54fe-9b69-dde186618ca8,"{""source"":""sample-data""}",2026-01-01T00:00:00Z,2026-01-01T00:00:00Z,0
56180223-1d37-52ee-99f0-ab9656f81701,payment.sample-data.loaded,1,payment_intent,b9518db7-8298-5ad5-acbb-bcbb2aee353a,"{""source"":""sample-data""}",2026-01-01T00:00:00Z,2026-01-01T00:00:00Z,0
a57ede72-8762-5b13-ae30-8a7e6d4f29fd,payment.sample-data.loaded,1,payment_intent,81aeab72-7c0a-5714-9e34-e3f2c7b8082c,"{""source"":""sample-data""}",2026-01-01T00:00:00Z,2026-01-01T00:00:00Z,0
7f522b63-762a-5c3d-b33d-b6377d2740a7,payment.sample-data.loaded,1,payment_intent,4f126865-4eca-5d55-b715-efa1653e486b,"{""source"":""sample-data""}",2026-01-01T00:00:00Z,2026-01-01T00:00:00Z,0
fddddc73-d350-59f8-a744-fbd99ba1444e,payment.sample-data.loaded,1,payment_intent,6db252f9-0e08-57b2-bc65-fd8b833118e8,"{""source"":""sample-data""}",2026-01-01T00:00:00Z,2026-01-01T00:00:00Z,0
93575a8a-38de-5d30-ba02-b46735604a04,payment.sample-data.loaded,1,payment_intent,47a59cd7-852a-5178-a4be-5f592f31d4b3,"{""source"":""sample-data""}",2026-01-01T00:00:00Z,2026-01-01T00:00:00Z,0
fc40126e-55d5-5c3a-812d-3c343de5911e,payment.sample-data.loaded,1,payment_intent,6f1f2614-b17a-599a-86ef-a268fead265a,"{""source"":""sample-data""}",2026-01-01T00:00:00Z,2026-01-01T00:00:00Z,0
e3a5e0d0-cc36-5c76-8da3-d7d0492c2f2a,payment.sample-data.loaded,1,payment_intent,60ad80e1-fbbe-556d-bba2-832599b1dde4,"{""source"":""sample-data""}",2026-01-01T00:00:00Z,2026-01-01T00:00:00Z,0
c958eb86-bafb-5362-93df-a660fd49b94c,payment.sample-data.loaded,1,payment_intent,9abb3252-b029-5a28-b99a-385702fc32c0,"{""source"":""sample-data""}",2026-01-01T00:00:00Z,2026-01-01T00:00:00Z,0
c9937f53-e215-575a-91cd-b8af007c70ad,payment.sample-data.loaded,1,payment_intent,29a43489-f59a-5904-af4b-484647544ac9,"{""source"":""sample-data""}",2026-01-01T00:00:00Z,2026-01-01T00:00:00Z,0
d8d625bf-4aec-565b-9cf4-10fb69f9c082,payment.sample-data.loaded,1,payment_intent,e3b829ac-fa01-5983-8a86-840d77d569d9,"{""source"":""sample-data""}",2026-01-01T00:00:00Z,2026-01-01T00:00:00Z,0
b7ec8ed5-0252-5924-913d-10e894842495,payment.sample-data.loaded,1,payment_intent,153ee6a5-5215-52e4-b10a-78bab6e7c766,"{""source"":""sample-data""}",2026-01-01T00:00:00Z,2026-01-01T00:00:00Z,0
15cfe11e-d31a-56ec-a4d7-2fe10551c987,payment.sample-data.loaded,1,payment_intent,e79d77c3-5e98-5cc6-a686-99bcb11ebfce,"{""source"":""sample-data""}",2026-01-01T00:00:00Z,2026-01-01T00:00:00Z,0
80ee053e-b426-5eb4-ad92-827fc0ad87d0,payment.sample-data.loaded,1,payment_intent,d4c69076-16b0-5d66-88c0-2ad912143c7f,"{""source"":""sample-data""}",2026-01-01T00:00:00Z,2026-01-01T00:00:00Z,0
4e5ca048-804b-59df-969b-11e26e1eb767,payment.sample-data.loaded,1,payment_intent,701d66d9-bae9-5749-a592-dbb88b2ca2ae,"{""source"":""sample-data""}",2026-01-01T00:00:00Z,2026-01-01T00:00:00Z,0
950e007b-eacc-5cfc-96aa-253caae7f089,payment.sample-data.loaded,1,payment_intent,970902a2-61ed-5405-b00a-405808da19e6,"{""source"":""sample-data""}",2026-01-01T00:00:00Z,2026-01-01T00:00:00Z,0
d1469ef8-5456-538c-9e1b-6e9fea53cc2b,payment.sample-data.loaded,1,payment_intent,0c7fb96d-a66b-56a3-97ec-beadcda476d1,"{""source"":""sample-data""}",2026-01-01T00:00:00Z,2026-01-01T00:00:00Z,0
32c97c35-edee-5ff7-bb53-9bfdaf182a81,payment.sample-data.loaded,1,payment_intent,c88b26ec-8335-5cb3-acef-e37fbfbae2c5,"{""source"":""sample-data""}",2026-01-01T00:00:00Z,2026-01-01T00:00:00Z,0
7a84a3ca-3f96-57e7-8776-3cbb89ca733f,payment.sample-data.loaded,1,payment_intent,626416ac-e47c-5451-a714-846b81ce9198,"{""source"":""sample-data""}",2026-01-01T00:00:00Z,2026-01-01T00:00:00Z,0
ef28748a-eccb-50e1-9e34-cbedef985038,payment.sample-data.loaded,1,payment_intent,b320bd23-dcda-580b-b13f-9a22f384d917,"{""source"":""sample-data""}",2026-01-01T00:00:00Z,2026-01-01T00:00:00Z,0
94bb7cd8-6cf7-53aa-8f96-27ec12a09293,payment.sample-data.loaded,1,payment_intent,1a7a8d1d-f196-5263-b4f4-b600c29f643b,"{""source"":""sample-data""}",2026-01-01T00:00:00Z,2026-01-01T00:00:00Z,0
e6a78fa4-e4a8-5dfc-9193-e1f3195eb78a,payment.sample-data.loaded,1,payment_intent,e2eeefef-b14a-5666-b05c-ff6d50142bb9,"{""source"":""sample-data""}",2026-01-01T00:00:00Z,2026-01-01T00:00:00Z,0
a5b37d70-6480-51f0-9227-21369928969b,payment.sample-data.loaded,1,payment_intent,a775c5ae-2e0e-535f-a840-6a80a90cca38,"{""source"":""sample-data""}",2026-01-01T00:00:00Z,2026-01-01T00:00:00Z,0
2b2e43af-8ebd-55f7-b4a6-14d98a2581c8,payment.sample-data.loaded,1,payment_intent,5356c287-e3a2-52b2-aa3d-1bf69c5b4542,"{""source"":""sample-data""}",2026-01-01T00:00:00Z,2026-01-01T00:00:00Z,0
2d3851c2-0085-51c0-9389-b75fa5cce75e,payment.sample-data.loaded,1,payment_intent,474dc53e-d2d2-54cd-a162-f22cd1aec164,"{""source"":""sample-data""}",2026-01-01T00:00:00Z,2026-01-01T00:00:00Z,0
af2adb63-0ea0-5757-85c5-935f73454b45,payment.sample-data.loaded,1,payment_intent,27330bd1-4dc0-5347-bb2e-c3d93311bb77,"{""source"":""sample-data""}",2026-01-01T00:00:00Z,2026-01-01T00:00:00Z,0
b57745f6-6930-5d3c-94d6-b3eeea685320,payment.sample-data.loaded,1,payment_intent,f48d86af-6b3e-5898-ad10-3812b216d181,"{""source"":""sample-data""}",2026-01-01T00:00:00Z,2026-01-01T00:00:00Z,0
d70989da-19f6-534c-9dd8-7a8dc349b5ea,payment.sample-data.loaded,1,payment_intent,691b7211-6b7e-5fa4-b934-e5671a058ccc,"{""source"":""sample-data""}",2026-01-01T00:00:00Z,2026-01-01T00:00:00Z,0
2f632432-f642-5217-9cbf-2debc7c198e0,payment.sample-data.loaded,1,payment_intent,cea27ade-bd75-54bc-a49c-c933d40ad12f,"{""source"":""sample-data""}",2026-01-01T00:00:00Z,2026-01-01T00:00:00Z,0
20778270-9c9b-5a34-8a3f-0250b08ae3ba,payment.sample-data.loaded,1,payment_intent,926a82db-ddbb-594f-b6df-1476b559e34b,"{""source"":""sample-data""}",2026-01-01T00:00:00Z,2026-01-01T00:00:00Z,0
07fc579c-bf97-58f5-b8c2-3b1b460f1cc3,payment.sample-data.loaded,1,payment_intent,62571d1f-0892-5384-ad6b-9c1db0d29e6a,"{""source"":""sample-data""}",2026-01-01T00:00:00Z,2026-01-01T00:00:00Z,0
18ed8c70-9dee-59fe-8872-df673a370da4,payment.sample-data.loaded,1,payment_intent,2f758c4d-cdd0-5646-af21-82f425565c2b,"{""source"":""sample-data""}",2026-01-01T00:00:00Z,2026-01-01T00:00:00Z,0
930b0de0-df85-51ef-bcca-e4649d9ba713,payment.sample-data.loaded,1,payment_intent,84748c6d-06ff-570f-a862-84096de7c759,"{""source"":""sample-data""}",2026-01-01T00:00:00Z,2026-01-01T00:00:00Z,0
01a21134-23c6-579a-9aec-409c084dbed9,payment.sample-data.loaded,1,payment_intent,0a920505-ab56-5b2e-9c47-91e1fe0e1ad6,"{""source"":""sample-data""}",2026-01-01T00:00:00Z,2026-01-01T00:00:00Z,0
a1538046-ecd3-5e07-9d9c-372e34673646,payment.sample-data.loaded,1,payment_intent,4db4f594-168d-51ed-9db3-2b3afc78697f,"{""source"":""sample-data""}",2026-01-01T00:00:00Z,2026-01-01T00:00:00Z,0
e28cace8-def7-526b-aa3c-eb7a4e0aeb82,payment.sample-data.loaded,1,payment_intent,5527076f-dc8f-54fe-ba6a-e0f209f5186c,"{""source"":""sample-data""}",2026-01-01T00:00:00Z,2026-01-01T00:00:00Z,0
0ca36455-4cb6-5c52-b9b3-ca99da0b7684,payment.sample-data.loaded,1,payment_intent,2b833c64-dfe1-5172-a528-2dde050b0c1c,"{""source"":""sample-data""}",2026-01-01T00:00:00Z,2026-01-01T00:00:00Z,0
